"asv_sequence","mock_abundance","exact_reference_match","Kingdom","Phylum","Class","Order","Family","Genus","Species"
"TACGTAGGGTGCGAGCGTTAATCGGAATTACTGGGCGTAAAGCGAGCGCAGACGGTTAATTAAGTCAGATGTGAAATCCCCGAGCTCAACTTGGGACGTGCATTTGAAACTGGTTAACTAGAGTGTGTCAGAGGGAGGTAGAATTCCACGTGTAGCAGTGAAATGCGTAGAGATGTGGAGGAATACCGATGGCGAAGGCAGCCTCCTGGGATAACACTGACGTTCATGCTCGAAAGCGTGGGTAGCAAACAGG",11492,TRUE,"Bacteria","Pseudomonadota","Gammaproteobacteria","Burkholderiales","Neisseriaceae","Snodgrassella","alvi"
"TACGTAGGGTGCAAGCGTTATCCGGAATTATTGGGCGTAAAGAGCTCGTAGGCGGTTCGTCGCGTCTGGTGTGAAAGTCCATCGCTTAACGGTGGATCTGCGCCGGGTACGGGCGGACTGGAGTGCGGTAGGGGAGACTGGAATTCCCGGTGTAACGGTGGAATGTGTAGATATCGGGAAGAACACCAATGGCGAAGGCAGGTCTCTGGGCCGTTACTGACGCTGAGGAGCGAAAGCGTGGGGAGCGAACAGG",10999,TRUE,"Bacteria","Actinomycetota","Actinobacteria","Bifidobacteriales","Bifidobacteriaceae","Bifidobacterium","indicum"
"TACGGAGGGTGCGAGCGTTAATCGGAATGACTGGGCGTAAAGGGCATGTAGGCGGATGATTAAGTTAGGTGTGAAAGCCTCGGGCTCAACCTGAGAATAGCATTTAAAACTGGTGATCTGGAGTACTGTAGAGGGAGGTAGAATTCCACGTGTAGCGGTGAAATGCGTAGAGATGTGGAGGAATACCGGTGGCGAAGGCGGCCTTCTGGACAGATACTGACGCTGAGATGCGAAAGCGTGGGGAGCAAACAGG",9991,TRUE,"Bacteria","Pseudomonadota","Gammaproteobacteria","Enterobacterales","Orbaceae","Frischella","perrara"
"TACGGAGGGTGCGAGCGTTAATCGGAATGACTGGGCGTAAAGGGCATGTAGGCGGATAATTAAGTTAGGTGTGAAAGCCCTGGGCTCAACCTAGGAATTGCACTTAAAACTGGTTAACTAGAGTATTGTAGAGGAAGGTAGAATTCCACGTGTAGCGGTGAAATGCGTAGAGATGTGGAGGAATACCGGTGGCGAAGGCGGCCTTCTGGACAGATACTGACGCTGAGATGCGAAAGCGTGGGGAGCAAACAGG",9167,TRUE,"Bacteria","Pseudomonadota","Gammaproteobacteria","Enterobacterales","Orbaceae","Gilliamella",NA
"TACGAAGGGGGCTAGCGTTGTTCGGATTTACTGGGCGTAAAGCGCACGTAGGCGGATATTTAAGTCAGGGGTGAAATCCCGGGGCTCAACCCCGGAACTGCCTTTGATACTGGATATCTTGAGTATGGAAGAGGTAAGTGGAATTCCGAGTGTAGAGGTGAAATTCGTAGATATTCGGAGGAACACCAGTGGCGAAGGCGGCTTACTGGTCCATTACTGACGCTGAGGTGCGAAAGCGTGGGGAGCAAACAGG",8812,TRUE,"Bacteria","Pseudomonadota","Alphaproteobacteria","Hyphomicrobiales","Rhizobiaceae","Bartonella","apis"
"TACGTAGGTGGCAAGCGTTGTCCGGATTTATTGGGCGTAAAGGGAGCGCAGGCGGTCTTTTAAGTCTGAATGTGAAAGCCCTCAGCTTAACTGAGGAAGAGCATCGGAAACTGAGAGACTTGAGTGCAGAAGAGGAGAGTGGAACTCCATGTGTAGCGGTGAAATGCGTAGATATATGGAAGAACACCAGTGGCGAAGGCGGCTCTCTGGTCTGTTACTGACGCTGAGGCTCGAAAGCATGGGTAGCGAACAGG",6515,TRUE,"Bacteria","Bacillota","Bacilli","Lactobacillales","Lactobacillaceae","Bombilactobacillus",NA
"TACGTAGGTGGCAAGCGTTGTCCGGATTTATTGGGCGTAAAGCGAGCGCAGGCGGTTTTGTAAGTCTGCTGTGAAAGCCCTCAGCTCAACTGAGGAAGTGCAGTGGAAACTACAAAACTTGAGTACAGAAGAGGAAAGTGGAACTCCATGTGTAGCGGTGAAATGCGTAGATATATGGAAGAACACCAGTGGCGAAGGCGGCTTTCTGGTCTGTTACTGACGCTGAGGCTCGAAAGCATGGGTAGCGAACAGG",6089,TRUE,"Bacteria","Bacillota","Bacilli","Lactobacillales","Lactobacillaceae","Apilactobacillus",NA
"TACGGAGGGTGCAAGCGTTAATCGGAATTACTGGGCGTAAAGCGCACGCAGGCGGTTTGTTAAGTCAGATGTGAAATCCCCGGGCTCAACCTGGGAACTGCATCTGATACTGGCAAGCTTGAGTCTCGTAGAGGGGGGTAGAATTCCAGGTGTAGCGGTGAAATGCGTAGAGATCTGGAGGAATACCGGTGGCGAAGGCGGCCCCCTGGACGAAGACTGACGCTCAGGTGCGAAAGCGTGGGGAGCAAACAGG",5825,TRUE,"Bacteria","Pseudomonadota","Gammaproteobacteria","Enterobacterales","Enterobacteriaceae","Escherichia-Shigella","coli"
"TACGTAGGTGGCAAGCGTTGTCCGGATTTATTGGGCGTAAAGCGAACGCAGGCGGGAGAATAAGTCAGCTGTGAAAGCCCCCAGCTTAACTGGGGAAGTGCAACTGAAACTATTTTTCTTGAGTGCAGAAGAGGAGAGTGGAACTCCATGTGTAGCGGTGGAATGCGTAGATATATGGAAGAACACCAGTGGCGAAGGCGGCTCTCTGGTCTGTAACTGACGCTGAGGTTCGAAAGCATGGGTAGCGAACAGG",4324,TRUE,"Bacteria","Bacillota","Bacilli","Lactobacillales","Lactobacillaceae","Lactobacillus","helsingborgensis"
"TACGAAGGGGGCTAGCGTTGCTCGGAATGACTGGGCGTAAAGGGCGCGTAGGCTGTTTGTACAGTCAGATGTGAAATCCCCGGGCTTAACCTGGGAACTGCATTTGATACGTGCAGACTAGAGTCCGAGAGAGGGTTGTGGAATTCCCAGTGTAGAGGTGAAATTCGTAGATATTGGGAAGAACACCGGTTGCGAAGGCGGCAACCTGGCTCGGAACTGACGCTGAGGCGCGAAAGCGTGGGGAGCGAACAGG",51,FALSE,"Bacteria","Pseudomonadota","Alphaproteobacteria","Acetobacterales","Acetobacteraceae","Bombella",NA
"TACGTAGGTGGCAAGCGTTGTCCGGATTTATTGGGCGTAAAGCGAACGCAGGCGGGAGAATAAGTAAGCTGTGAAAGCCCCCAGCTTAACTGGGGAAGTGCAACTGAAACTATTTTTCTTGAGTGCAGAAGAGGAGAGTGGAACTCCATGTGTAGCGGTGGAATGCGTAGATATATGGAAGAACACCAGTGGCGAAGGCGGCTCTCTGGTCTGTAACTGACGCTGAGGTTCGAAAGCATGGGTAGCGAACAGG",34,FALSE,"Bacteria","Bacillota","Bacilli","Lactobacillales","Lactobacillaceae","Lactobacillus","helsingborgensis"
"TACGTAGGTGGCAAGCGTTGTCCGGATTTATTGGGCGTAAAGCGAACGCAGGCGGGAAGATAAGTCAGCTGTGAAAGCCCCCAGCTTAACTGGGGAACTGCAGCTGAAACTATGTTTCTTGAGTGCAGAAGAGGAGAGTGGAACTCCATGTGTAGCGGTGGAATGCGTAGATATATGGAAGAACACCAGTGGCGAAGGCGGCTCTCTGGTCTGTAACTGACGCTGAGGTTCGAAAGCATGGGTAGCGAACAGG",27,FALSE,"Bacteria","Bacillota","Bacilli","Lactobacillales","Lactobacillaceae","Lactobacillus","melliventris"
"TACGAAGGGGGCTAGCGTTGCTCGGAATCACTGGGCGTAAAGGGTGCGTAGGCGGGTCTTTAAGTCAGGGGTGAAATCCTGGAGCTCAACTCCAGAACTGCCTTTGATACTGAAGATCTTGAGTTCGGGAGAGGTGAGTGGAACTGCGAGTGTAGAGGTGAAATTCGTAGATATTCGCAAGAACACCAGTGGCGAAGGCGGCTCACTGGCCCGATACTGACGCTGAGGCACGAAAGCGTGGGGAGCAAACAGG",2,FALSE,"Bacteria","Pseudomonadota","Alphaproteobacteria","Hyphomicrobiales","Xanthobacteraceae","Bradyrhizobium","elkanii"
"TACAGAGGGTGCAAGCGTTAATCGGATTTACTGGGCGTAAAGCGCGCGTAGGTGGCCAATTAAGTCAAATGTGAAATCCCCGAGCTTAACTTGGGAATTGCATTCGATACTGGTTGGCTAGAGTATGGGAGAGGATGGTAGAATTCCAGGTGTAGCGGTGAAATGCGTAGAGATCTGGAGGAATACCGATGGCGAAGGCAGCCATCTGGCCTAATACTGACACTGAGGTGCGAAAGCATGGGGAGCAAACAGG",2,FALSE,"Bacteria","Pseudomonadota","Gammaproteobacteria","Pseudomonadales","Moraxellaceae","Acinetobacter","lwoffii"
